"state","event_type","event_count"
"Acre","product","327"
"Acre","cart","228"
"Acre","department","215"
"Acre","purchase","67"
"Acre","cancel","65"
"Acre","home","37"
"Aichi","product","454"
"Aichi","department","332"
"Aichi","cart","324"
"Aichi","purchase","114"
"Aichi","home","61"
"Aichi","cancel","58"
"Akita","product","29"
"Akita","department","25"
"Akita","cart","20"
"Akita","purchase","5"
"Akita","home","1"
"Akita","cancel","1"
"Alabama","product","1469"
"Alabama","cart","1019"
"Alabama","department","1019"
"Alabama","purchase","315"
"Alabama","cancel","216"
"Alabama","home","153"
"Alagoas","product","1554"
"Alagoas","cart","1108"
"Alagoas","department","1099"
"Alagoas","purchase","348"
"Alagoas","cancel","226"
"Alagoas","home","163"
"Alaska","product","331"
"Alaska","department","239"
"Alaska","cart","229"
"Alaska","purchase","75"
"Alaska","home","44"
"Alaska","cancel","41"
"Amapá","product","908"
"Amapá","cart","664"
"Amapá","department","649"
"Amapá","purchase","195"
"Amapá","cancel","142"
"Amapá","home","92"
"Amazonas","product","4929"
"Amazonas","department","3518"
"Amazonas","cart","3422"
"Amazonas","purchase","1065"
"Amazonas","cancel","699"
"Amazonas","home","503"
"Andalucía","product","6186"
"Andalucía","department","4303"
"Andalucía","cart","4267"
"Andalucía","purchase","1274"
"Andalucía","cancel","915"
"Andalucía","home","639"
"Anhui","product","7218"
"Anhui","department","5194"
"Anhui","cart","5177"
"Anhui","purchase","1609"
"Anhui","cancel","958"
"Anhui","home","735"
"Aomori","product","46"
"Aomori","department","31"
"Aomori","cart","27"
"Aomori","purchase","9"
"Aomori","cancel","8"
"Aomori","home","5"
"Aragón","product","735"
"Aragón","cart","504"
"Aragón","department","475"
"Aragón","purchase","146"
"Aragón","cancel","133"
"Aragón","home","73"
"Arizona","product","6109"
"Arizona","cart","4378"
"Arizona","department","4363"
"Arizona","purchase","1345"
"Arizona","cancel","866"
"Arizona","home","618"
"Arkansas","product","1211"
"Arkansas","department","844"
"Arkansas","cart","811"
"Arkansas","purchase","241"
"Arkansas","cancel","173"
"Arkansas","home","114"
"Australian Capital Territory","product","341"
"Australian Capital Territory","cart","242"
"Australian Capital Territory","department","238"
"Australian Capital Territory","purchase","62"
"Australian Capital Territory","cancel","46"
"Australian Capital Territory","home","20"
"Auvergne-Rhône-Alpes","product","5114"
"Auvergne-Rhône-Alpes","department","3672"
"Auvergne-Rhône-Alpes","cart","3607"
"Auvergne-Rhône-Alpes","purchase","1119"
"Auvergne-Rhône-Alpes","cancel","707"
"Auvergne-Rhône-Alpes","home","535"
"Baden-Württemberg","product","4046"
"Baden-Württemberg","cart","2839"
"Baden-Württemberg","department","2795"
"Baden-Württemberg","purchase","840"
"Baden-Württemberg","cancel","631"
"Baden-Württemberg","home","401"
"Bagmati region","product","196"
"Bagmati region","cart","141"
"Bagmati region","department","139"
"Bagmati region","purchase","48"
"Bagmati region","cancel","28"
"Bagmati region","home","25"
"Bahia","product","12177"
"Bahia","cart","8621"
"Bahia","department","8524"
"Bahia","purchase","2651"
"Bahia","cancel","1877"
"Bahia","home","1324"
"Bayern","product","4085"
"Bayern","cart","2882"
"Bayern","department","2865"
"Bayern","purchase","857"
"Bayern","cancel","590"
"Bayern","home","399"
"Beijing","product","18127"
"Beijing","cart","12884"
"Beijing","department","12856"
"Beijing","purchase","3977"
"Beijing","cancel","2645"
"Beijing","home","1849"
"Berlin","product","1834"
"Berlin","cart","1289"
"Berlin","department","1276"
"Berlin","purchase","412"
"Berlin","cancel","283"
"Berlin","home","209"
"Bourgogne-Franche-Comté","product","1230"
"Bourgogne-Franche-Comté","department","887"
"Bourgogne-Franche-Comté","cart","870"
"Bourgogne-Franche-Comté","purchase","287"
"Bourgogne-Franche-Comté","cancel","172"
"Bourgogne-Franche-Comté","home","127"
"Brandenburg","product","1217"
"Brandenburg","department","871"
"Brandenburg","cart","865"
"Brandenburg","purchase","258"
"Brandenburg","cancel","161"
"Brandenburg","home","109"
"Bremen","product","250"
"Bremen","cart","167"
"Bremen","department","156"
"Bremen","cancel","48"
"Bremen","purchase","37"
"Bremen","home","21"
"Bretagne","product","1918"
"Bretagne","cart","1375"
"Bretagne","department","1343"
"Bretagne","purchase","413"
"Bretagne","cancel","281"
"Bretagne","home","191"
"Brussels","product","1083"
"Brussels","cart","734"
"Brussels","department","713"
"Brussels","purchase","189"
"Brussels","cancel","185"
"Brussels","home","79"
"Busan","product","3744"
"Busan","cart","2634"
"Busan","department","2564"
"Busan","purchase","779"
"Busan","cancel","623"
"Busan","home","375"
"California","product","31218"
"California","department","21874"
"California","cart","21844"
"California","purchase","6656"
"California","cancel","4642"
"California","home","3281"
"Canarias","product","1179"
"Canarias","cart","808"
"Canarias","department","793"
"Canarias","purchase","218"
"Canarias","cancel","189"
"Canarias","home","103"
"Cantabria","product","211"
"Cantabria","department","156"
"Cantabria","cart","148"
"Cantabria","purchase","53"
"Cantabria","home","32"
"Cantabria","cancel","28"
"Castilla-La Mancha","product","1241"
"Castilla-La Mancha","department","896"
"Castilla-La Mancha","cart","870"
"Castilla-La Mancha","purchase","268"
"Castilla-La Mancha","cancel","163"
"Castilla-La Mancha","home","137"
"Castilla y León","product","1200"
"Castilla y León","cart","861"
"Castilla y León","department","843"
"Castilla y León","purchase","233"
"Castilla y León","cancel","199"
"Castilla y León","home","90"
"Cataluña","product","6357"
"Cataluña","cart","4558"
"Cataluña","department","4466"
"Cataluña","purchase","1401"
"Cataluña","cancel","947"
"Cataluña","home","672"
"Ceará","product","7771"
"Ceará","cart","5469"
"Ceará","department","5372"
"Ceará","purchase","1642"
"Ceará","cancel","1225"
"Ceará","home","802"
"Centre-Val de Loire","product","1389"
"Centre-Val de Loire","department","988"
"Centre-Val de Loire","cart","985"
"Centre-Val de Loire","purchase","300"
"Centre-Val de Loire","cancel","206"
"Centre-Val de Loire","home","159"
"Ceuta","product","43"
"Ceuta","cart","31"
"Ceuta","department","28"
"Ceuta","cancel","10"
"Ceuta","purchase","9"
"Ceuta","home","4"
"Chiba","product","1509"
"Chiba","cart","1023"
"Chiba","department","1018"
"Chiba","purchase","308"
"Chiba","cancel","239"
"Chiba","home","168"
"Chongqing","product","4230"
"Chongqing","cart","3018"
"Chongqing","department","3000"
"Chongqing","purchase","934"
"Chongqing","cancel","646"
"Chongqing","home","446"
"Chung-cheong bukdo","product","718"
"Chung-cheong bukdo","cart","511"
"Chung-cheong bukdo","department","498"
"Chung-cheong bukdo","purchase","158"
"Chung-cheong bukdo","cancel","114"
"Chung-cheong bukdo","home","77"
"Chungcheongnam-do","product","1182"
"Chungcheongnam-do","cart","806"
"Chungcheongnam-do","department","801"
"Chungcheongnam-do","purchase","251"
"Chungcheongnam-do","cancel","193"
"Chungcheongnam-do","home","132"
"Colorado","product","3621"
"Colorado","cart","2579"
"Colorado","department","2517"
"Colorado","purchase","786"
"Colorado","cancel","580"
"Colorado","home","343"
"Comunidad de Madrid","product","6401"
"Comunidad de Madrid","department","4487"
"Comunidad de Madrid","cart","4483"
"Comunidad de Madrid","purchase","1346"
"Comunidad de Madrid","cancel","948"
"Comunidad de Madrid","home","662"
"Comunidad Valenciana","product","4406"
"Comunidad Valenciana","department","3197"
"Comunidad Valenciana","cart","3191"
"Comunidad Valenciana","purchase","1004"
"Comunidad Valenciana","cancel","592"
"Comunidad Valenciana","home","490"
"Connecticut","product","1467"
"Connecticut","department","1002"
"Connecticut","cart","990"
"Connecticut","purchase","318"
"Connecticut","cancel","235"
"Connecticut","home","166"
"Corse","product","108"
"Corse","department","68"
"Corse","cart","58"
"Corse","cancel","18"
"Corse","purchase","15"
"Corse","home","13"
"Daegu Metropolitan City","product","1849"
"Daegu Metropolitan City","department","1300"
"Daegu Metropolitan City","cart","1266"
"Daegu Metropolitan City","purchase","405"
"Daegu Metropolitan City","cancel","263"
"Daegu Metropolitan City","home","196"
"Daejeon","product","964"
"Daejeon","cart","710"
"Daejeon","department","703"
"Daejeon","purchase","221"
"Daejeon","cancel","126"
"Daejeon","home","97"
"Delaware","product","586"
"Delaware","department","437"
"Delaware","cart","434"
"Delaware","purchase","135"
"Delaware","cancel","77"
"Delaware","home","64"
"District of Columbia","product","366"
"District of Columbia","cart","216"
"District of Columbia","department","216"
"District of Columbia","cancel","76"
"District of Columbia","purchase","58"
"District of Columbia","home","35"
"Distrito Federal","product","3646"
"Distrito Federal","department","2554"
"Distrito Federal","cart","2528"
"Distrito Federal","purchase","763"
"Distrito Federal","cancel","529"
"Distrito Federal","home","362"
"Dolnośląskie","product","918"
"Dolnośląskie","department","659"
"Dolnośląskie","cart","650"
"Dolnośląskie","purchase","189"
"Dolnośląskie","cancel","122"
"Dolnośląskie","home","81"
"England","product","34528"
"England","department","24455"
"England","cart","24407"
"England","purchase","7395"
"England","cancel","5030"
"England","home","3550"
"Espírito Santo","product","1251"
"Espírito Santo","cart","912"
"Espírito Santo","department","878"
"Espírito Santo","purchase","279"
"Espírito Santo","cancel","213"
"Espírito Santo","home","130"
"Extremadura","product","474"
"Extremadura","cart","337"
"Extremadura","department","335"
"Extremadura","purchase","107"
"Extremadura","cancel","78"
"Extremadura","home","52"
"Flanders","product","6072"
"Flanders","cart","4281"
"Flanders","department","4258"
"Flanders","purchase","1311"
"Flanders","cancel","917"
"Flanders","home","655"
"Florida","product","14556"
"Florida","department","10286"
"Florida","cart","10196"
"Florida","purchase","3093"
"Florida","cancel","2084"
"Florida","home","1490"
"Fujian","product","11579"
"Fujian","cart","8147"
"Fujian","department","8100"
"Fujian","purchase","2489"
"Fujian","cancel","1744"
"Fujian","home","1160"
"Fukuoka","product","302"
"Fukuoka","department","206"
"Fukuoka","cart","182"
"Fukuoka","purchase","47"
"Fukuoka","cancel","42"
"Fukuoka","home","22"
"Fukushima","product","149"
"Fukushima","department","115"
"Fukushima","cart","108"
"Fukushima","purchase","38"
"Fukushima","home","20"
"Fukushima","cancel","14"
"Galicia","product","803"
"Galicia","department","584"
"Galicia","cart","551"
"Galicia","purchase","184"
"Galicia","cancel","104"
"Galicia","home","95"
"Gangwon-do","product","523"
"Gangwon-do","department","380"
"Gangwon-do","cart","377"
"Gangwon-do","purchase","124"
"Gangwon-do","cancel","68"
"Gangwon-do","home","63"
"Gansu province","product","3416"
"Gansu province","department","2404"
"Gansu province","cart","2369"
"Gansu province","purchase","708"
"Gansu province","cancel","499"
"Gansu province","home","358"
"Georgia","product","7208"
"Georgia","cart","5061"
"Georgia","department","4951"
"Georgia","purchase","1539"
"Georgia","cancel","1146"
"Georgia","home","752"
"Gifu","product","70"
"Gifu","cart","58"
"Gifu","department","57"
"Gifu","purchase","22"
"Gifu","home","7"
"Gifu","cancel","7"
"Goiás","product","2629"
"Goiás","department","1815"
"Goiás","cart","1778"
"Goiás","purchase","537"
"Goiás","cancel","392"
"Goiás","home","254"
"Grand Est","product","2546"
"Grand Est","cart","1778"
"Grand Est","department","1767"
"Grand Est","purchase","547"
"Grand Est","cancel","376"
"Grand Est","home","283"
"Guangdong","product","45107"
"Guangdong","department","31940"
"Guangdong","cart","31796"
"Guangdong","purchase","9719"
"Guangdong","cancel","6593"
"Guangdong","home","4641"
"Guangxi Zhuang Autonomous Region","product","4766"
"Guangxi Zhuang Autonomous Region","department","3418"
"Guangxi Zhuang Autonomous Region","cart","3409"
"Guangxi Zhuang Autonomous Region","purchase","1040"
"Guangxi Zhuang Autonomous Region","cancel","680"
"Guangxi Zhuang Autonomous Region","home","482"
"Guizhou","product","4590"
"Guizhou","department","3223"
"Guizhou","cart","3222"
"Guizhou","purchase","1007"
"Guizhou","cancel","691"
"Guizhou","home","475"
"Gunma","product","129"
"Gunma","cart","99"
"Gunma","department","99"
"Gunma","purchase","29"
"Gunma","cancel","15"
"Gunma","home","13"
"Gwangju","product","833"
"Gwangju","cart","593"
"Gwangju","department","589"
"Gwangju","purchase","177"
"Gwangju","cancel","131"
"Gwangju","home","88"
"Gyeonggi-do","product","14968"
"Gyeonggi-do","cart","10694"
"Gyeonggi-do","department","10616"
"Gyeonggi-do","purchase","3254"
"Gyeonggi-do","cancel","2216"
"Gyeonggi-do","home","1524"
"Gyeongsangbuk-do","product","708"
"Gyeongsangbuk-do","department","473"
"Gyeongsangbuk-do","cart","456"
"Gyeongsangbuk-do","purchase","132"
"Gyeongsangbuk-do","cancel","105"
"Gyeongsangbuk-do","home","66"
"Gyeongsangnam-do","product","1705"
"Gyeongsangnam-do","cart","1221"
"Gyeongsangnam-do","department","1207"
"Gyeongsangnam-do","purchase","388"
"Gyeongsangnam-do","cancel","248"
"Gyeongsangnam-do","home","187"
"Hainan","product","1370"
"Hainan","cart","939"
"Hainan","department","918"
"Hainan","purchase","294"
"Hainan","cancel","229"
"Hainan","home","157"
"Hamburg","product","1169"
"Hamburg","cart","834"
"Hamburg","department","818"
"Hamburg","purchase","245"
"Hamburg","cancel","176"
"Hamburg","home","109"
"Hauts-de-France","product","2938"
"Hauts-de-France","cart","2033"
"Hauts-de-France","department","2025"
"Hauts-de-France","purchase","619"
"Hauts-de-France","cancel","455"
"Hauts-de-France","home","294"
"Hawaii","product","895"
"Hawaii","department","588"
"Hawaii","cart","574"
"Hawaii","purchase","180"
"Hawaii","cancel","147"
"Hawaii","home","109"
"Hebei","product","17498"
"Hebei","cart","12500"
"Hebei","department","12482"
"Hebei","purchase","3877"
"Hebei","cancel","2500"
"Hebei","home","1843"
"Heilongjiang","product","6979"
"Heilongjiang","cart","4959"
"Heilongjiang","department","4908"
"Heilongjiang","purchase","1492"
"Heilongjiang","cancel","1043"
"Heilongjiang","home","679"
"Henan","product","12271"
"Henan","department","8673"
"Henan","cart","8662"
"Henan","purchase","2661"
"Henan","cancel","1816"
"Henan","home","1301"
"Hessen","product","2118"
"Hessen","department","1409"
"Hessen","cart","1368"
"Hessen","purchase","414"
"Hessen","cancel","363"
"Hessen","home","255"
"Hiroshima","product","339"
"Hiroshima","department","241"
"Hiroshima","cart","232"
"Hiroshima","purchase","67"
"Hiroshima","cancel","41"
"Hiroshima","home","37"
"Hokkaido","product","163"
"Hokkaido","cart","103"
"Hokkaido","department","97"
"Hokkaido","cancel","39"
"Hokkaido","purchase","31"
"Hokkaido","home","23"
"Hubei","product","9679"
"Hubei","cart","6881"
"Hubei","department","6770"
"Hubei","purchase","2049"
"Hubei","cancel","1459"
"Hubei","home","971"
"Hunan","product","9827"
"Hunan","department","7027"
"Hunan","cart","7003"
"Hunan","purchase","2167"
"Hunan","cancel","1421"
"Hunan","home","1033"
"Hyogo","product","576"
"Hyogo","department","409"
"Hyogo","cart","407"
"Hyogo","purchase","127"
"Hyogo","cancel","76"
"Hyogo","home","59"
"Ibaraki","product","152"
"Ibaraki","department","108"
"Ibaraki","cart","105"
"Ibaraki","purchase","34"
"Ibaraki","cancel","18"
"Ibaraki","home","16"
"Idaho","product","1136"
"Idaho","cart","807"
"Idaho","department","785"
"Idaho","purchase","215"
"Idaho","cancel","178"
"Idaho","home","77"
"Île-de-France","product","10515"
"Île-de-France","department","7469"
"Île-de-France","cart","7383"
"Île-de-France","purchase","2273"
"Île-de-France","cancel","1543"
"Île-de-France","home","1092"
"Illinois","product","7964"
"Illinois","department","5745"
"Illinois","cart","5658"
"Illinois","purchase","1787"
"Illinois","cancel","1105"
"Illinois","home","842"
"Incheon Metropolitan City","product","3134"
"Incheon Metropolitan City","cart","2187"
"Incheon Metropolitan City","department","2123"
"Incheon Metropolitan City","purchase","644"
"Incheon Metropolitan City","cancel","539"
"Incheon Metropolitan City","home","327"
"Indiana","product","3134"
"Indiana","department","2208"
"Indiana","cart","2172"
"Indiana","purchase","658"
"Indiana","cancel","442"
"Indiana","home","303"
"Inner Mongolia Autonomous Region","product","4637"
"Inner Mongolia Autonomous Region","cart","3241"
"Inner Mongolia Autonomous Region","department","3225"
"Inner Mongolia Autonomous Region","purchase","918"
"Inner Mongolia Autonomous Region","cancel","703"
"Inner Mongolia Autonomous Region","home","437"
"Iowa","product","1081"
"Iowa","department","768"
"Iowa","cart","739"
"Iowa","purchase","228"
"Iowa","cancel","147"
"Iowa","home","99"
"Islas Baleares","product","731"
"Islas Baleares","cart","479"
"Islas Baleares","department","478"
"Islas Baleares","purchase","152"
"Islas Baleares","cancel","116"
"Islas Baleares","home","92"
"Iwate","product","19"
"Iwate","department","14"
"Iwate","cart","12"
"Iwate","home","8"
"Iwate","purchase","8"
"Iwate","cancel","2"
"Jeju Special Self-Governing Province","product","231"
"Jeju Special Self-Governing Province","cart","147"
"Jeju Special Self-Governing Province","department","142"
"Jeju Special Self-Governing Province","purchase","45"
"Jeju Special Self-Governing Province","cancel","43"
"Jeju Special Self-Governing Province","home","21"
"Jeollabuk do","product","408"
"Jeollabuk do","department","307"
"Jeollabuk do","cart","289"
"Jeollabuk do","purchase","84"
"Jeollabuk do","cancel","50"
"Jeollabuk do","home","39"
"Jeollanam-do","product","433"
"Jeollanam-do","cart","295"
"Jeollanam-do","department","291"
"Jeollanam-do","purchase","84"
"Jeollanam-do","cancel","65"
"Jeollanam-do","home","35"
"Jiangsu","product","15852"
"Jiangsu","cart","11301"
"Jiangsu","department","11130"
"Jiangsu","purchase","3466"
"Jiangsu","cancel","2449"
"Jiangsu","home","1641"
"Jiangxi","product","5785"
"Jiangxi","department","4101"
"Jiangxi","cart","4064"
"Jiangxi","purchase","1219"
"Jiangxi","cancel","865"
"Jiangxi","home","604"
"Jilin","product","6937"
"Jilin","cart","4951"
"Jilin","department","4915"
"Jilin","purchase","1481"
"Jilin","cancel","1037"
"Jilin","home","702"
"Kagawa","product","20"
"Kagawa","department","15"
"Kagawa","cart","14"
"Kagawa","cancel","3"
"Kagawa","purchase","3"
"Kagoshima","product","77"
"Kagoshima","cart","55"
"Kagoshima","department","51"
"Kagoshima","purchase","18"
"Kagoshima","cancel","13"
"Kagoshima","home","7"
"Kanagawa","product","3560"
"Kanagawa","department","2555"
"Kanagawa","cart","2545"
"Kanagawa","purchase","780"
"Kanagawa","cancel","527"
"Kanagawa","home","369"
"Kansas","product","992"
"Kansas","cart","712"
"Kansas","department","690"
"Kansas","purchase","224"
"Kansas","cancel","164"
"Kansas","home","122"
"Kentucky","product","1954"
"Kentucky","cart","1391"
"Kentucky","department","1369"
"Kentucky","purchase","419"
"Kentucky","cancel","293"
"Kentucky","home","189"
"Kochi","product","32"
"Kochi","cart","25"
"Kochi","department","25"
"Kochi","purchase","8"
"Kochi","home","4"
"Kochi","cancel","4"
"Kumamoto","product","83"
"Kumamoto","cart","59"
"Kumamoto","department","54"
"Kumamoto","purchase","19"
"Kumamoto","cancel","9"
"Kumamoto","home","9"
"Kyoto","product","251"
"Kyoto","cart","175"
"Kyoto","department","173"
"Kyoto","purchase","46"
"Kyoto","cancel","37"
"Kyoto","home","22"
"La Rioja","product","246"
"La Rioja","cart","176"
"La Rioja","department","169"
"La Rioja","purchase","58"
"La Rioja","cancel","34"
"La Rioja","home","28"
"Liaoning","product","9161"
"Liaoning","cart","6498"
"Liaoning","department","6495"
"Liaoning","purchase","1931"
"Liaoning","cancel","1377"
"Liaoning","home","895"
"Louisiana","product","1880"
"Louisiana","cart","1319"
"Louisiana","department","1315"
"Louisiana","purchase","416"
"Louisiana","cancel","282"
"Louisiana","home","207"
"Lubuskie","product","996"
"Lubuskie","department","721"
"Lubuskie","cart","705"
"Lubuskie","purchase","242"
"Lubuskie","cancel","136"
"Lubuskie","home","124"
"Maine","product","227"
"Maine","cart","166"
"Maine","department","162"
"Maine","purchase","64"
"Maine","home","33"
"Maine","cancel","32"
"Maranhão","product","8927"
"Maranhão","department","6303"
"Maranhão","cart","6290"
"Maranhão","purchase","1896"
"Maranhão","cancel","1314"
"Maranhão","home","892"
"Maryland","product","3752"
"Maryland","cart","2628"
"Maryland","department","2595"
"Maryland","purchase","787"
"Maryland","cancel","589"
"Maryland","home","392"
"Massachusetts","product","2971"
"Massachusetts","cart","2114"
"Massachusetts","department","2107"
"Massachusetts","purchase","714"
"Massachusetts","cancel","421"
"Massachusetts","home","351"
"Mato Grosso","product","2602"
"Mato Grosso","department","1884"
"Mato Grosso","cart","1870"
"Mato Grosso","purchase","625"
"Mato Grosso","cancel","353"
"Mato Grosso","home","309"
"Mato Grosso do Sul","product","1235"
"Mato Grosso do Sul","department","912"
"Mato Grosso do Sul","cart","888"
"Mato Grosso do Sul","purchase","279"
"Mato Grosso do Sul","cancel","148"
"Mato Grosso do Sul","home","123"
"Mecklenburg-Vorpommern","product","386"
"Mecklenburg-Vorpommern","cart","287"
"Mecklenburg-Vorpommern","department","270"
"Mecklenburg-Vorpommern","purchase","90"
"Mecklenburg-Vorpommern","cancel","65"
"Mecklenburg-Vorpommern","home","50"
"Melilla","product","67"
"Melilla","department","45"
"Melilla","cart","41"
"Melilla","cancel","10"
"Melilla","purchase","10"
"Melilla","home","6"
"Michigan","product","4222"
"Michigan","cart","3042"
"Michigan","department","2964"
"Michigan","purchase","956"
"Michigan","cancel","649"
"Michigan","home","460"
"Mie","product","4"
"Mie","department","3"
"Mie","cart","1"
"Mie","cancel","1"
"Minas Gerais","product","12865"
"Minas Gerais","cart","9160"
"Minas Gerais","department","9072"
"Minas Gerais","purchase","2838"
"Minas Gerais","cancel","1979"
"Minas Gerais","home","1398"
"Minnesota","product","2467"
"Minnesota","cart","1767"
"Minnesota","department","1739"
"Minnesota","purchase","552"
"Minnesota","cancel","376"
"Minnesota","home","284"
"Mississippi","product","852"
"Mississippi","cart","583"
"Mississippi","department","569"
"Mississippi","purchase","173"
"Mississippi","cancel","144"
"Mississippi","home","94"
"Missouri","product","2240"
"Missouri","cart","1524"
"Missouri","department","1498"
"Missouri","purchase","452"
"Missouri","cancel","383"
"Missouri","home","241"
"Miyagi","product","180"
"Miyagi","cart","124"
"Miyagi","department","123"
"Miyagi","purchase","34"
"Miyagi","cancel","25"
"Miyagi","home","18"
"Miyazaki","product","101"
"Miyazaki","department","82"
"Miyazaki","cart","78"
"Miyazaki","purchase","27"
"Miyazaki","home","8"
"Miyazaki","cancel","8"
"Montana","product","418"
"Montana","cart","289"
"Montana","department","288"
"Montana","purchase","90"
"Montana","cancel","64"
"Montana","home","47"
"Nagano","product","170"
"Nagano","cart","123"
"Nagano","department","121"
"Nagano","cancel","31"
"Nagano","purchase","28"
"Nagano","home","9"
"Nagasaki","product","17"
"Nagasaki","department","13"
"Nagasaki","cart","10"
"Nagasaki","purchase","5"
"Nagasaki","home","1"
"Nagasaki","cancel","1"
"Nara","product","15"
"Nara","cart","6"
"Nara","department","6"
"Nara","cancel","1"
"Navarra","product","268"
"Navarra","cart","173"
"Navarra","department","154"
"Navarra","cancel","63"
"Navarra","purchase","40"
"Navarra","home","29"
"Nebraska","product","792"
"Nebraska","department","585"
"Nebraska","cart","578"
"Nebraska","purchase","185"
"Nebraska","cancel","112"
"Nebraska","home","94"
"Nevada","product","2787"
"Nevada","department","1976"
"Nevada","cart","1936"
"Nevada","purchase","556"
"Nevada","cancel","394"
"Nevada","home","243"
"New Hampshire","product","361"
"New Hampshire","cart","258"
"New Hampshire","department","243"
"New Hampshire","purchase","71"
"New Hampshire","cancel","62"
"New Hampshire","home","29"
"New Jersey","product","4491"
"New Jersey","department","3148"
"New Jersey","cart","3134"
"New Jersey","purchase","950"
"New Jersey","cancel","663"
"New Jersey","home","483"
"New Mexico","product","1303"
"New Mexico","cart","919"
"New Mexico","department","904"
"New Mexico","purchase","264"
"New Mexico","cancel","201"
"New Mexico","home","120"
"New South Wales","product","5800"
"New South Wales","department","4085"
"New South Wales","cart","4033"
"New South Wales","purchase","1253"
"New South Wales","cancel","844"
"New South Wales","home","617"
"New York","product","11136"
"New York","department","7867"
"New York","cart","7865"
"New York","purchase","2412"
"New York","cancel","1654"
"New York","home","1168"
"Niedersachsen","product","3459"
"Niedersachsen","cart","2507"
"Niedersachsen","department","2500"
"Niedersachsen","purchase","792"
"Niedersachsen","cancel","490"
"Niedersachsen","home","364"
"Ningxia Hui Autonomous Region","product","1821"
"Ningxia Hui Autonomous Region","department","1307"
"Ningxia Hui Autonomous Region","cart","1270"
"Ningxia Hui Autonomous Region","purchase","404"
"Ningxia Hui Autonomous Region","cancel","244"
"Ningxia Hui Autonomous Region","home","174"
"Nordrhein-Westfalen","product","11850"
"Nordrhein-Westfalen","cart","8460"
"Nordrhein-Westfalen","department","8423"
"Nordrhein-Westfalen","purchase","2608"
"Nordrhein-Westfalen","cancel","1729"
"Nordrhein-Westfalen","home","1237"
"Normandie","product","1620"
"Normandie","department","1131"
"Normandie","cart","1122"
"Normandie","purchase","315"
"Normandie","cancel","251"
"Normandie","home","146"
"North Carolina","product","6622"
"North Carolina","cart","4684"
"North Carolina","department","4644"
"North Carolina","purchase","1491"
"North Carolina","cancel","970"
"North Carolina","home","724"
"North Dakota","product","373"
"North Dakota","department","283"
"North Dakota","cart","278"
"North Dakota","purchase","69"
"North Dakota","cancel","39"
"North Dakota","home","18"
"Northern Ireland","product","1001"
"Northern Ireland","department","704"
"Northern Ireland","cart","684"
"Northern Ireland","purchase","202"
"Northern Ireland","cancel","139"
"Northern Ireland","home","99"
"Northern Territory","product","160"
"Northern Territory","cart","106"
"Northern Territory","department","103"
"Northern Territory","purchase","30"
"Northern Territory","cancel","29"
"Northern Territory","home","20"
"Nouvelle-Aquitaine","product","3146"
"Nouvelle-Aquitaine","cart","2202"
"Nouvelle-Aquitaine","department","2190"
"Nouvelle-Aquitaine","purchase","670"
"Nouvelle-Aquitaine","cancel","472"
"Nouvelle-Aquitaine","home","337"
"Occitanie","product","3453"
"Occitanie","department","2432"
"Occitanie","cart","2380"
"Occitanie","purchase","742"
"Occitanie","cancel","514"
"Occitanie","home","390"
"Ohio","product","5038"
"Ohio","cart","3523"
"Ohio","department","3503"
"Ohio","purchase","1056"
"Ohio","cancel","752"
"Ohio","home","496"
"Oita","product","118"
"Oita","department","99"
"Oita","cart","93"
"Oita","purchase","28"
"Oita","home","11"
"Oita","cancel","11"
"Okayama","product","100"
"Okayama","department","77"
"Okayama","cart","70"
"Okayama","purchase","27"
"Okayama","home","17"
"Okayama","cancel","10"
"Okinawa","product","77"
"Okinawa","cart","61"
"Okinawa","department","58"
"Okinawa","purchase","19"
"Okinawa","cancel","11"
"Okinawa","home","6"
"Oklahoma","product","1381"
"Oklahoma","department","947"
"Oklahoma","cart","938"
"Oklahoma","purchase","262"
"Oklahoma","cancel","209"
"Oklahoma","home","126"
"Oregon","product","2550"
"Oregon","department","1794"
"Oregon","cart","1775"
"Oregon","purchase","559"
"Oregon","cancel","362"
"Oregon","home","276"
"Osaka","product","955"
"Osaka","cart","687"
"Osaka","department","682"
"Osaka","purchase","216"
"Osaka","cancel","151"
"Osaka","home","99"
"País Vasco","product","1525"
"País Vasco","department","1100"
"País Vasco","cart","1070"
"País Vasco","purchase","316"
"País Vasco","cancel","224"
"País Vasco","home","147"
"Pará","product","10416"
"Pará","department","7338"
"Pará","cart","7265"
"Pará","purchase","2170"
"Pará","cancel","1518"
"Pará","home","1030"
"Paraíba","product","935"
"Paraíba","cart","657"
"Paraíba","department","648"
"Paraíba","purchase","207"
"Paraíba","cancel","150"
"Paraíba","home","111"
"Paraná","product","5006"
"Paraná","cart","3598"
"Paraná","department","3589"
"Paraná","purchase","1098"
"Paraná","cancel","715"
"Paraná","home","510"
"Pays de la Loire","product","2435"
"Pays de la Loire","department","1720"
"Pays de la Loire","cart","1711"
"Pays de la Loire","purchase","528"
"Pays de la Loire","cancel","364"
"Pays de la Loire","home","259"
"Pennsylvania","product","4899"
"Pennsylvania","cart","3356"
"Pennsylvania","department","3327"
"Pennsylvania","purchase","977"
"Pennsylvania","cancel","822"
"Pennsylvania","home","510"
"Pernambuco","product","5081"
"Pernambuco","department","3450"
"Pernambuco","cart","3433"
"Pernambuco","purchase","1037"
"Pernambuco","cancel","800"
"Pernambuco","home","530"
"Piauí","product","1244"
"Piauí","cart","924"
"Piauí","department","896"
"Piauí","purchase","278"
"Piauí","cancel","195"
"Piauí","home","115"
"Principado de Asturias","product","422"
"Principado de Asturias","department","302"
"Principado de Asturias","cart","281"
"Principado de Asturias","purchase","83"
"Principado de Asturias","cancel","54"
"Principado de Asturias","home","39"
"Provence-Alpes-Côte d'Azur","product","3458"
"Provence-Alpes-Côte d'Azur","cart","2422"
"Provence-Alpes-Côte d'Azur","department","2403"
"Provence-Alpes-Côte d'Azur","purchase","770"
"Provence-Alpes-Côte d'Azur","cancel","534"
"Provence-Alpes-Côte d'Azur","home","386"
"Qinghai","product","919"
"Qinghai","department","647"
"Qinghai","cart","646"
"Qinghai","purchase","197"
"Qinghai","cancel","143"
"Qinghai","home","109"
"Queensland","product","3670"
"Queensland","cart","2559"
"Queensland","department","2558"
"Queensland","purchase","774"
"Queensland","cancel","571"
"Queensland","home","382"
"Región de Murcia","product","1359"
"Región de Murcia","department","1009"
"Región de Murcia","cart","1001"
"Región de Murcia","purchase","297"
"Región de Murcia","cancel","169"
"Región de Murcia","home","129"
"Remote territory","product","240"
"Remote territory","department","165"
"Remote territory","cart","163"
"Remote territory","purchase","42"
"Remote territory","cancel","37"
"Remote territory","home","16"
"Rheinland-Pfalz","product","1263"
"Rheinland-Pfalz","department","930"
"Rheinland-Pfalz","cart","911"
"Rheinland-Pfalz","purchase","298"
"Rheinland-Pfalz","cancel","154"
"Rheinland-Pfalz","home","124"
"Rhode Island","product","372"
"Rhode Island","cart","247"
"Rhode Island","department","244"
"Rhode Island","purchase","82"
"Rhode Island","cancel","63"
"Rhode Island","home","55"
"Rio de Janeiro","product","8157"
"Rio de Janeiro","department","5921"
"Rio de Janeiro","cart","5879"
"Rio de Janeiro","purchase","1878"
"Rio de Janeiro","cancel","1067"
"Rio de Janeiro","home","863"
"Rio Grande do Norte","product","1742"
"Rio Grande do Norte","department","1255"
"Rio Grande do Norte","cart","1234"
"Rio Grande do Norte","purchase","374"
"Rio Grande do Norte","cancel","252"
"Rio Grande do Norte","home","172"
"Rio Grande do Sul","product","5315"
"Rio Grande do Sul","department","3735"
"Rio Grande do Sul","cart","3684"
"Rio Grande do Sul","purchase","1123"
"Rio Grande do Sul","cancel","771"
"Rio Grande do Sul","home","596"
"Rondônia","product","1049"
"Rondônia","cart","740"
"Rondônia","department","737"
"Rondônia","purchase","222"
"Rondônia","cancel","142"
"Rondônia","home","104"
"Roraima","product","204"
"Roraima","cart","163"
"Roraima","department","155"
"Roraima","purchase","52"
"Roraima","cancel","25"
"Roraima","home","16"
"Saarland","product","294"
"Saarland","department","212"
"Saarland","cart","210"
"Saarland","purchase","64"
"Saarland","cancel","32"
"Saarland","home","25"
"Sachsen","product","1406"
"Sachsen","cart","1014"
"Sachsen","department","998"
"Sachsen","purchase","297"
"Sachsen","cancel","208"
"Sachsen","home","135"
"Sachsen-Anhalt","product","707"
"Sachsen-Anhalt","department","473"
"Sachsen-Anhalt","cart","471"
"Sachsen-Anhalt","purchase","134"
"Sachsen-Anhalt","cancel","107"
"Sachsen-Anhalt","home","62"
"Saitama","product","1576"
"Saitama","cart","1116"
"Saitama","department","1094"
"Saitama","purchase","318"
"Saitama","cancel","247"
"Saitama","home","147"
"Santa Catarina","product","2875"
"Santa Catarina","cart","2056"
"Santa Catarina","department","2035"
"Santa Catarina","purchase","614"
"Santa Catarina","cancel","427"
"Santa Catarina","home","285"
"São Paulo","product","17758"
"São Paulo","department","12405"
"São Paulo","cart","12404"
"São Paulo","purchase","3791"
"São Paulo","cancel","2671"
"São Paulo","home","1921"
"Schleswig-Holstein","product","1064"
"Schleswig-Holstein","cart","766"
"Schleswig-Holstein","department","751"
"Schleswig-Holstein","purchase","226"
"Schleswig-Holstein","cancel","169"
"Schleswig-Holstein","home","103"
"Scotland","product","2043"
"Scotland","cart","1443"
"Scotland","department","1442"
"Scotland","purchase","445"
"Scotland","cancel","297"
"Scotland","home","207"
"Seoul","product","12455"
"Seoul","department","8812"
"Seoul","cart","8767"
"Seoul","purchase","2704"
"Seoul","cancel","1817"
"Seoul","home","1305"
"Sergipe","product","1674"
"Sergipe","department","1190"
"Sergipe","cart","1148"
"Sergipe","purchase","362"
"Sergipe","cancel","237"
"Sergipe","home","209"
"Shaanxi","product","7332"
"Shaanxi","cart","5272"
"Shaanxi","department","5224"
"Shaanxi","purchase","1553"
"Shaanxi","cancel","1081"
"Shaanxi","home","730"
"Shandong","product","10906"
"Shandong","cart","7617"
"Shandong","department","7604"
"Shandong","purchase","2303"
"Shandong","cancel","1706"
"Shandong","home","1122"
"Shanghai","product","20563"
"Shanghai","cart","14436"
"Shanghai","department","14415"
"Shanghai","purchase","4520"
"Shanghai","cancel","3080"
"Shanghai","home","2262"
"Shanxi","product","5809"
"Shanxi","cart","4096"
"Shanxi","department","4014"
"Shanxi","purchase","1222"
"Shanxi","cancel","926"
"Shanxi","home","636"
"Shiga","product","16"
"Shiga","cart","10"
"Shiga","department","9"
"Shiga","cancel","5"
"Shiga","purchase","3"
"Shiga","home","1"
"Shimane","product","13"
"Shimane","department","12"
"Shimane","cart","12"
"Shimane","purchase","4"
"Shimane","home","2"
"Shimane","cancel","1"
"Shizuoka","product","153"
"Shizuoka","department","108"
"Shizuoka","cart","103"
"Shizuoka","purchase","27"
"Shizuoka","cancel","24"
"Shizuoka","home","21"
"Sichuan","product","10701"
"Sichuan","cart","7611"
"Sichuan","department","7506"
"Sichuan","purchase","2307"
"Sichuan","cancel","1617"
"Sichuan","home","1098"
"South Australia","product","1263"
"South Australia","cart","861"
"South Australia","department","849"
"South Australia","purchase","259"
"South Australia","cancel","210"
"South Australia","home","137"
"South Carolina","product","2894"
"South Carolina","cart","2071"
"South Carolina","department","2047"
"South Carolina","purchase","663"
"South Carolina","cancel","423"
"South Carolina","home","326"
"South Dakota","product","382"
"South Dakota","department","280"
"South Dakota","cart","274"
"South Dakota","purchase","91"
"South Dakota","cancel","45"
"South Dakota","home","39"
"Tasmania","product","426"
"Tasmania","department","310"
"Tasmania","cart","306"
"Tasmania","purchase","85"
"Tasmania","cancel","64"
"Tasmania","home","47"
"Tennessee","product","3721"
"Tennessee","department","2629"
"Tennessee","cart","2604"
"Tennessee","purchase","803"
"Tennessee","cancel","538"
"Tennessee","home","389"
"Texas","product","20477"
"Texas","department","14426"
"Texas","cart","14425"
"Texas","purchase","4372"
"Texas","cancel","2997"
"Texas","home","2119"
"Thüringen","product","741"
"Thüringen","cart","516"
"Thüringen","department","499"
"Thüringen","purchase","153"
"Thüringen","cancel","122"
"Thüringen","home","63"
"Tianjin","product","6121"
"Tianjin","department","4296"
"Tianjin","cart","4280"
"Tianjin","purchase","1293"
"Tianjin","cancel","909"
"Tianjin","home","629"
"Tocantins","product","318"
"Tocantins","department","227"
"Tocantins","cart","223"
"Tocantins","purchase","59"
"Tocantins","cancel","45"
"Tocantins","home","24"
"Tochigi","product","34"
"Tochigi","cart","29"
"Tochigi","department","27"
"Tochigi","purchase","10"
"Tochigi","cancel","5"
"Tochigi","home","1"
"Tokyo","product","9010"
"Tokyo","cart","6330"
"Tokyo","department","6275"
"Tokyo","purchase","1812"
"Tokyo","cancel","1386"
"Tokyo","home","854"
"Ulsan Metropolitan City","product","676"
"Ulsan Metropolitan City","department","487"
"Ulsan Metropolitan City","cart","481"
"Ulsan Metropolitan City","purchase","150"
"Ulsan Metropolitan City","cancel","97"
"Ulsan Metropolitan City","home","70"
"Utah","product","2516"
"Utah","department","1763"
"Utah","cart","1722"
"Utah","purchase","526"
"Utah","cancel","358"
"Utah","home","261"
"Vermont","product","28"
"Vermont","department","22"
"Vermont","cart","15"
"Vermont","home","9"
"Vermont","purchase","9"
"Vermont","cancel","2"
"Victoria","product","4694"
"Victoria","cart","3374"
"Victoria","department","3332"
"Victoria","purchase","969"
"Victoria","cancel","704"
"Victoria","home","440"
"Virginia","product","5187"
"Virginia","cart","3639"
"Virginia","department","3587"
"Virginia","purchase","1107"
"Virginia","cancel","792"
"Virginia","home","546"
"Vorarlberg","product","18"
"Vorarlberg","cart","14"
"Vorarlberg","cancel","8"
"Vorarlberg","department","8"
"Vorarlberg","home","2"
"Vorarlberg","purchase","2"
"Wakayama","product","26"
"Wakayama","department","18"
"Wakayama","cart","17"
"Wakayama","purchase","6"
"Wakayama","cancel","5"
"Wakayama","home","4"
"Wales","product","1283"
"Wales","cart","873"
"Wales","department","839"
"Wales","purchase","239"
"Wales","cancel","236"
"Wales","home","126"
"Wallonia","product","3014"
"Wallonia","cart","2007"
"Wallonia","department","1998"
"Wallonia","purchase","566"
"Wallonia","cancel","503"
"Wallonia","home","295"
"Washington","product","4764"
"Washington","cart","3409"
"Washington","department","3368"
"Washington","purchase","1060"
"Washington","cancel","735"
"Washington","home","510"
"West Virginia","product","289"
"West Virginia","cart","195"
"West Virginia","department","190"
"West Virginia","purchase","51"
"West Virginia","cancel","45"
"West Virginia","home","26"
"Western Australia","product","1685"
"Western Australia","department","1141"
"Western Australia","cart","1130"
"Western Australia","purchase","351"
"Western Australia","cancel","263"
"Western Australia","home","185"
"Wisconsin","product","2279"
"Wisconsin","cart","1541"
"Wisconsin","department","1526"
"Wisconsin","purchase","442"
"Wisconsin","cancel","387"
"Wisconsin","home","241"
"Wyoming","product","160"
"Wyoming","cart","106"
"Wyoming","department","106"
"Wyoming","purchase","37"
"Wyoming","cancel","27"
"Wyoming","home","27"
"Xinjiang Uygur Autonomous Region","product","4536"
"Xinjiang Uygur Autonomous Region","department","3233"
"Xinjiang Uygur Autonomous Region","cart","3205"
"Xinjiang Uygur Autonomous Region","purchase","1006"
"Xinjiang Uygur Autonomous Region","cancel","657"
"Xinjiang Uygur Autonomous Region","home","493"
"Yamaguchi","product","83"
"Yamaguchi","department","72"
"Yamaguchi","cart","69"
"Yamaguchi","purchase","26"
"Yamaguchi","home","12"
"Yamaguchi","cancel","6"
"Yamanashi","product","5"
"Yamanashi","cart","4"
"Yamanashi","cancel","2"
"Yamanashi","department","2"
"Yunnan","product","3333"
"Yunnan","department","2387"
"Yunnan","cart","2382"
"Yunnan","purchase","753"
"Yunnan","cancel","476"
"Yunnan","home","394"
"Zachodniopomorskie","product","165"
"Zachodniopomorskie","cart","125"
"Zachodniopomorskie","department","104"
"Zachodniopomorskie","purchase","42"
"Zachodniopomorskie","cancel","40"
"Zachodniopomorskie","home","22"
"Zhejiang","product","18460"
"Zhejiang","department","13207"
"Zhejiang","cart","13148"
"Zhejiang","purchase","4022"
"Zhejiang","cancel","2605"
"Zhejiang","home","1846"
